Feature,Importance
T1d,0.07661179858714447
T2d,0.06430991338442527
T4d,0.05760284884324613
T3d,0.05607275075895028
T10d,0.055270085084925404
T8d,0.05487351665091767
T9d,0.05436411708350646
T5d,0.052743884122031515
T6d,0.05270789322533651
T7d,0.05153935481166859
Precipitation of Wettest Month,0.04081936878758068
Annual Precipitation,0.03253551898349812
Relief Ratio,0.03169944679565668
Catchment Relief,0.02682574358612551
Population Count,0.02468126776823295
Road Density,0.022518997246970443
Precipitation Seasonality,0.02167605817018684
Ruggedness Number,0.02007715947931483
Annual Mean Temperature,0.020034538329527354
Drainage Intensity,0.01981939143461759
Catchment Length,0.018329563039338276
Urban percentage,0.01759577660099456
Sinuosity Index,0.01713270535920599
Basin Magnitude,0.01675016060398383
Population Density,0.016263784204122774
Form Factor,0.015415324264435608
Drainage Area,0.015027016650012244
Catchment Perimeter,0.01489330310242218
Drainage Density,0.012982532090892765
Circularity Ratio,0.012880376018068325
Stream Order,0.005770292796229517
Elongation Ratio,0.00017551213643079844
Infiltration Number,0.0
Channel Frequency,0.0
