Probability Range,Samples,Mean Predicted,Actual Severe Rate
0.0-0.1,94,0.014999008246121633,0.0
0.1-0.2,99,0.1733362782324293,0.16161616161616163
0.2-0.3,464,0.2547357973544662,0.23706896551724138
0.3-0.4,742,0.35565443779427286,0.24258760107816713
0.4-0.5,1320,0.45121707001071626,0.3484848484848485
0.5-0.6,1132,0.544025181684744,0.411660777385159
0.6-0.7,504,0.6401907446271718,0.5396825396825397
0.7-0.8,167,0.7379037390752552,0.6407185628742516
0.8-0.9,23,0.8271223834284569,0.6521739130434783
0.9-1.0,3,0.955902499808297,1.0
