Threshold,Accuracy,Balanced Accuracy,Severe Precision,Severe Recall,Severe F1
0.3,0.4472295514511873,0.5522817736339736,0.38627602158828067,0.9226519337016574,0.5445652173913044
0.35,0.484608619173263,0.571092297432772,0.39983188568226397,0.8759975445058318,0.5490573297422086
0.4,0.5312225153913809,0.5932989993167266,0.4201333756748174,0.8121546961325967,0.5537881958978652
0.45,0.5886103781882146,0.6130473679462113,0.451984126984127,0.6992019643953346,0.5490479633646662
0.5,0.6191732629727352,0.5994188074954401,0.4718425369054128,0.5297728667894414,0.4991324465008676
0.55,0.6495162708883025,0.5871110530675696,0.5150732127476314,0.3670963781461019,0.42867383512544804
0.6,0.6631486367634125,0.5704664366375881,0.569583931133429,0.24370779619398403,0.3413585554600172
0.65,0.6629287598944591,0.5483206173813908,0.6283422459893048,0.14426028238182934,0.23464802795806292
0.7,0.6543535620052771,0.5267192717806812,0.6476683937823834,0.0767341927562922,0.13721185510428102
